{"Na3 Ca6 V12 P18 O72": [-7.438727010632694], "Na5 Ca2 V12 P18 O72": [-7.3428572672701655, -7.350828015210127, -7.35915192589834], "Na17 V12 P18 O72": [-7.017322383953377, -7.01819097897128], "Na6 Ca5 V12 P18 O72": [-7.348013771112204, -7.343274780699713], "Na2 Ca2 V12 P18 O72": [-7.429106014457008, -7.440242860962728, -7.446578338051585], "Na2 Ca8 V12 P18 O72": [-7.467429699314492, -7.475036571952491], "Na6 Ca1 V12 P18 O72": [-7.311221870416124, -7.3216173609260755, -7.325663191037119], "Na12 Ca1 V12 P18 O72": [-7.1411963917389745, -7.151985249612466, -7.150475416904907], "Na4 Ca2 V12 P18 O72": [-7.378295553277344, -7.3827247801793074, -7.388791847570148], "Na3 Ca4 V12 P18 O72": [-7.414670691165478, -7.4310439371372965, -7.429499237779695], "Na15 Ca1 V12 P18 O72": [-7.067689190397798, -7.072173191497542, -7.0768186860452635], "Na5 V12 P18 O72": [-7.337124003894479, -7.34475434446587], "Na12 Ca3 V12 P18 O72": [-7.1619848980518235], "Na18 V12 P18 O72": [-6.987723398935812, -6.9945137453815445], "Na4 V12 P18 O72": [-7.34925854542204, -7.359082262951545], "Na14 Ca1 V12 P18 O72": [-7.101831242808987], "Ca5 V12 P18 O72": [-7.517385877827143, -7.528313759571759], "Na3 Ca2 V12 P18 O72": [-7.397716420956294, -7.412998435740859, -7.415147845237567], "Na16 Ca1 V12 P18 O72": [-7.049162413975869, -7.039285953537774, -7.0519140920290715], "Na2 Ca7 V12 P18 O72": [-7.466294368216056, -7.476303907452567], "Na12 Ca2 V12 P18 O72": [-7.158662799067192, -7.162863833796577], "Na7 Ca5 V12 P18 O72": [-7.315288360400202, -7.317480103705612], "Na11 V12 P18 O72": [-7.162083859820634, -7.1746619270019645], "Na5 Ca1 V12 P18 O72": [-7.349261373001095, -7.350895849829407, -7.35609829617464], "Na1 Ca2 V12 P18 O72": [-7.454991856725664, -7.463547698946435, -7.46933336749084], "Na11 Ca1 V12 P18 O72": [-7.17865853909409, -7.173955743990584, -7.17621176758522], "Na3 Ca3 V12 P18 O72": [-7.42105284246979, -7.422489045370498, -7.430723876141115], "Na2 Ca6 V12 P18 O72": [-7.461748619506103, -7.4732527823086645], "Na7 Ca3 V12 P18 O72": [-7.295987005101394, -7.306919961777359], "Na10 Ca3 V12 P18 O72": [-7.224468115029264], "Na10 Ca1 V12 P18 O72": [-7.198589851736739, -7.198449887611744, -7.212015721441589], "Ca9 V12 P18 O72": [-7.54011363853075], "Na4 Ca7 V12 P18 O72": [-7.41068970352575], "Na3 Ca5 V12 P18 O72": [-7.425596453542667, -7.437961046639694], "Na2 Ca4 V12 P18 O72": [-7.453586205675635, -7.460396366041051, -7.460200348195792], "Na1 Ca6 V12 P18 O72": [-7.5079087349241345, -7.5097845881792225], "Na1 Ca1 V12 P18 O72": [-7.427531444225748, -7.428676759808568, -7.43324534538288], "Na12 V12 P18 O72": [-7.124983140838568, -7.1463241547983065], "Na9 Ca1 V12 P18 O72": [-7.219428706432986, -7.225475750259578, -7.238365413012859], "Na9 Ca4 V12 P18 O72": [-7.244195626878067, -7.258432225738316], "Na9 V12 P18 O72": [-7.229208828307999, -7.2329740733125085], "Ca8 V12 P18 O72": [-7.5303937321621355, -7.543380888281331], "Na5 Ca3 V12 P18 O72": [-7.366198360945935, -7.368741561564802], "Na7 Ca4 V12 P18 O72": [-7.295473613698551, -7.310264182566443, -7.315933294409321], "Na15 V12 P18 O72": [-7.065806131382958, -7.069066307786412], "Na1 V12 P18 O72": [-7.411430911425251, -7.421820273811254], "Na6 Ca2 V12 P18 O72": [-7.3303907444160545, -7.32980383232888, -7.334716304255424], "Na8 V12 P18 O72": [-7.256351265454175, -7.26809862533717], "Na2 V12 P18 O72": [-7.395608436423424, -7.400618841807684], "Na4 Ca5 V12 P18 O72": [-7.39320040232687, -7.4119990538342115, -7.407151937138848], "Ca1 V12 P18 O72": [-7.4540015098396495, -7.463580429991876], "Na6 Ca6 V12 P18 O72": [-7.354409229582697], "Na7 Ca1 V12 P18 O72": [-7.283462077252992, -7.292141470957315, -7.299551480374844], "Na1 Ca3 V12 P18 O72": [-7.467557803651256, -7.48601291891587, -7.486012918915866], "Ca4 V12 P18 O72": [-7.507156564733903, -7.519723799949437], "Na13 Ca2 V12 P18 O72": [-7.135778657811956], "Na1 Ca4 V12 P18 O72": [-7.4925489457751695, -7.49370021969147], "Na4 Ca4 V12 P18 O72": [-7.387726726046132, -7.3888964419608545, -7.4053214053686585], "Na8 Ca5 V12 P18 O72": [-7.2844394021804035, -7.291912331736091], "Na4 Ca6 V12 P18 O72": [-7.409974178715176], "Na8 Ca2 V12 P18 O72": [-7.264919073861734, -7.27576308192905], "Na6 Ca3 V12 P18 O72": [-7.324273763857337, -7.329829131931776, -7.337668406518431], "Na2 Ca1 V12 P18 O72": [-7.410648965780404, -7.424305211234757, -7.428322150316199], "Na6 V12 P18 O72": [-7.310866254331734, -7.3231516453624215], "Na4 Ca1 V12 P18 O72": [-7.374496153961558, -7.379234734213263, -7.38310164152097], "Na3 Ca1 V12 P18 O72": [-7.395543837184741, -7.404915087534702, -7.404915087534702], "Na13 V12 P18 O72": [-7.117960754355775, -7.120089939498514], "Na7 V12 P18 O72": [-7.28285251945069, -7.291312113202197], "Na14 V12 P18 O72": [-7.0945275072079035], "Na6 Ca4 V12 P18 O72": [-7.3434493150366], "Na14 Ca2 V12 P18 O72": [-7.100656456040558, -7.10816293070169], "Na8 Ca3 V12 P18 O72": [-7.256108978635426, -7.281297082225904, -7.283299041091975], "Ca2 V12 P18 O72": [-7.484352236889534, -7.485980050116326], "Na4 Ca3 V12 P18 O72": [-7.398231657919155, -7.39007923094283, -7.401491395325011], "Na10 Ca2 V12 P18 O72": [-7.210380735692419, -7.215389441414098, -7.220851301446713], "Na13 Ca1 V12 P18 O72": [-7.12466066880894, -7.129052804162056], "Ca6 V12 P18 O72": [-7.528460283923862, -7.5465105029631525], "V12 P18 O72": [-7.439274745099593], "Na1 Ca7 V12 P18 O72": [-7.491010469221199, -7.510839186497738], "Na10 Ca4 V12 P18 O72": [-7.220129272064136, -7.228489747132814], "Na2 Ca3 V12 P18 O72": [-7.459388648645683, -7.460744722940153], "Na11 Ca3 V12 P18 O72": [-7.191073234632362, -7.196182100251598], "Ca3 V12 P18 O72": [-7.497865744585238, -7.514621461000355], "Na5 Ca4 V12 P18 O72": [-7.348032011360775, -7.375815762964869], "Na3 V12 P18 O72": [-7.368648600160855, -7.381592959643356], "Na5 Ca5 V12 P18 O72": [-7.368080647152474, -7.376081377991791, -7.379878621331238], "Na1 Ca8 V12 P18 O72": [-7.508950705997606], "Na9 Ca3 V12 P18 O72": [-7.237094904194748, -7.245411328801816, -7.249409469088327], "Na1 Ca5 V12 P18 O72": [-7.49147891024467, -7.509674431347526, -7.506461060001879], "Na3 Ca7 V12 P18 O72": [-7.439656626994926, -7.44232726122427], "Na9 Ca2 V12 P18 O72": [-7.234908009677772, -7.240311132771034, -7.249041080087418], "Na16 V12 P18 O72": [-7.044924077782702], "Na11 Ca2 V12 P18 O72": [-7.18315118208438, -7.188386625190315, -7.191453027888264], "Ca7 V12 P18 O72": [-7.544101395157003], "Na10 V12 P18 O72": [-7.195542609135354, -7.203733037981268], "Na2 Ca5 V12 P18 O72": [-7.47098947916034, -7.473933783130028, -7.470615685188179], "Na8 Ca1 V12 P18 O72": [-7.267645705382039, -7.254912213875522, -7.271666577017827], "Na8 Ca4 V12 P18 O72": [-7.2774274233182625, -7.279274148342232, -7.2849489174001025], "Na7 Ca2 V12 P18 O72": [-7.29291847051465, -7.302171917477955]}