{"Na3 Ca6 V12 P18 O72": [-7.4379244144144145], "Na5 Ca2 V12 P18 O72": [-7.342123027522936, -7.345394311926605, -7.3509965137614675], "Na17 V12 P18 O72": [-7.017329579831933, -7.018204957983193], "Na6 Ca5 V12 P18 O72": [-7.348499734513274, -7.337435398230088], "Na2 Ca2 V12 P18 O72": [-7.4308800943396225, -7.439043679245283, -7.447041226415095], "Na2 Ca8 V12 P18 O72": [-7.467947321428572, -7.474667053571428], "Na6 Ca1 V12 P18 O72": [-7.306620917431193, -7.31953137614679, -7.319387339449541], "Na12 Ca1 V12 P18 O72": [-7.140964, -7.151977913043478, -7.152470260869565], "Na4 Ca2 V12 P18 O72": [-7.3747278703703705, -7.381569814814815, -7.3761511111111115], "Na3 Ca4 V12 P18 O72": [-7.414496605504587, -7.432421926605505, -7.426146330275229], "Na15 Ca1 V12 P18 O72": [-7.070620508474576, -7.072195254237288, -7.074222288135593], "Na5 V12 P18 O72": [-7.337187102803738, -7.346010093457944], "Na12 Ca3 V12 P18 O72": [-7.162515726495726], "Na18 V12 P18 O72": [-6.9883145, -6.994950333333334], "Na4 V12 P18 O72": [-7.340771509433962, -7.364025], "Na14 Ca1 V12 P18 O72": [-7.102315555555555], "Ca5 V12 P18 O72": [-7.518295327102804, -7.5255557009345795], "Na3 Ca2 V12 P18 O72": [-7.392926168224299, -7.413306542056074, -7.423139626168224], "Na16 Ca1 V12 P18 O72": [-7.048036386554622, -7.0406651260504205, -7.050846554621849], "Na2 Ca7 V12 P18 O72": [-7.468096936936937, -7.47009945945946], "Na12 Ca2 V12 P18 O72": [-7.158152844827586, -7.162210431034483], "Na7 Ca5 V12 P18 O72": [-7.313026403508772, -7.318178157894736], "Na11 V12 P18 O72": [-7.163080530973451, -7.170807876106195], "Na5 Ca1 V12 P18 O72": [-7.352434907407407, -7.336043518518518, -7.353505648148149], "Na1 Ca2 V12 P18 O72": [-7.442757333333333, -7.468095333333333, -7.470583809523809], "Na11 Ca1 V12 P18 O72": [-7.180759824561403, -7.173533859649123, -7.174301578947368], "Na3 Ca3 V12 P18 O72": [-7.411489907407407, -7.414860648148148, -7.420745740740741], "Na2 Ca6 V12 P18 O72": [-7.460598909090909, -7.471825272727274], "Na7 Ca3 V12 P18 O72": [-7.295200535714286, -7.307566696428571], "Na10 Ca3 V12 P18 O72": [-7.2240272173913045], "Na10 Ca1 V12 P18 O72": [-7.200162566371682, -7.197733805309735, -7.207320707964602], "Ca9 V12 P18 O72": [-7.539691441441442], "Na4 Ca7 V12 P18 O72": [-7.4135318584070795], "Na3 Ca5 V12 P18 O72": [-7.41919, -7.432513363636363], "Na2 Ca4 V12 P18 O72": [-7.4519025, -7.452487222222222, -7.460109074074074], "Na1 Ca6 V12 P18 O72": [-7.50240366972477, -7.506168440366973], "Na1 Ca1 V12 P18 O72": [-7.421547500000001, -7.433627884615385, -7.4265553846153844], "Na12 V12 P18 O72": [-7.123794298245614, -7.145127719298246], "Na9 Ca1 V12 P18 O72": [-7.219980714285714, -7.221697678571429, -7.234324821428571], "Na9 Ca4 V12 P18 O72": [-7.244518086956522, -7.256577043478261], "Na9 V12 P18 O72": [-7.223432342342342, -7.236173513513513], "Ca8 V12 P18 O72": [-7.530895818181818, -7.5377826363636355], "Na5 Ca3 V12 P18 O72": [-7.362063909090909, -7.372352272727273], "Na7 Ca4 V12 P18 O72": [-7.293974247787611, -7.31265831858407, -7.318066548672566], "Na15 V12 P18 O72": [-7.065867350427351, -7.070408803418804], "Na1 V12 P18 O72": [-7.412990291262136, -7.4210544660194175], "Na6 Ca2 V12 P18 O72": [-7.334390454545455, -7.335734818181819, -7.335589909090909], "Na8 V12 P18 O72": [-7.264653727272727, -7.266281727272727], "Na2 V12 P18 O72": [-7.3939397115384615, -7.401614134615385], "Na4 Ca5 V12 P18 O72": [-7.392464684684684, -7.412832702702703, -7.409156216216216], "Ca1 V12 P18 O72": [-7.453986213592233, -7.463223495145631], "Na6 Ca6 V12 P18 O72": [-7.353824210526316], "Na7 Ca1 V12 P18 O72": [-7.287989454545455, -7.2937318181818185, -7.301980181818181], "Na1 Ca3 V12 P18 O72": [-7.468970754716982, -7.486591509433962, -7.486733301886793], "Ca4 V12 P18 O72": [-7.508541698113208, -7.521452358490566], "Na13 Ca2 V12 P18 O72": [-7.134035555555555], "Na1 Ca4 V12 P18 O72": [-7.497520747663552, -7.497041121495327], "Na4 Ca4 V12 P18 O72": [-7.3908664545454545, -7.395055363636364, -7.405059363636363], "Na8 Ca5 V12 P18 O72": [-7.2867116521739135, -7.289742608695652], "Na4 Ca6 V12 P18 O72": [-7.412693482142857], "Na8 Ca2 V12 P18 O72": [-7.262700982142857, -7.276567678571429], "Na6 Ca3 V12 P18 O72": [-7.327296936936937, -7.331440720720721, -7.341342702702703], "Na2 Ca1 V12 P18 O72": [-7.412897047619047, -7.4238566666666665, -7.428031142857143], "Na6 V12 P18 O72": [-7.309359259259259, -7.329325555555555], "Na4 Ca1 V12 P18 O72": [-7.3777086915887855, -7.386709158878505, -7.383467102803738], "Na3 Ca1 V12 P18 O72": [-7.392721509433962, -7.405724528301887, -7.405758773584906], "Na13 V12 P18 O72": [-7.118154956521739, -7.123150434782608], "Na7 V12 P18 O72": [-7.288998256880734, -7.2971715596330275], "Na14 V12 P18 O72": [-7.095604224137931], "Na6 Ca4 V12 P18 O72": [-7.348063660714286], "Na14 Ca2 V12 P18 O72": [-7.100465169491525, -7.10885406779661], "Na8 Ca3 V12 P18 O72": [-7.257070353982301, -7.280507168141593, -7.282906194690265], "Ca2 V12 P18 O72": [-7.485288461538461, -7.4890254807692305], "Na4 Ca3 V12 P18 O72": [-7.402444862385321, -7.394895504587155, -7.403852018348624], "Na10 Ca2 V12 P18 O72": [-7.208090614035088, -7.2143461403508775, -7.21966701754386], "Na13 Ca1 V12 P18 O72": [-7.124130258620689, -7.129654396551723], "Ca6 V12 P18 O72": [-7.530270555555556, -7.550125925925926], "V12 P18 O72": [-7.438107450980392], "Na1 Ca7 V12 P18 O72": [-7.4910131818181815, -7.511195272727273], "Na10 Ca4 V12 P18 O72": [-7.2206269827586205, -7.2279666379310346], "Na2 Ca3 V12 P18 O72": [-7.460932897196262, -7.461060093457944], "Na11 Ca3 V12 P18 O72": [-7.1906377586206895, -7.195729396551724], "Ca3 V12 P18 O72": [-7.504111142857143, -7.513645619047619], "Na5 Ca4 V12 P18 O72": [-7.346674864864865, -7.377678018018019], "Na3 V12 P18 O72": [-7.375212285714285, -7.382792190476191], "Na5 Ca5 V12 P18 O72": [-7.369222678571428, -7.375540625, -7.380010267857143], "Na1 Ca8 V12 P18 O72": [-7.50833072072072], "Na9 Ca3 V12 P18 O72": [-7.2374421929824555, -7.248257105263157, -7.248938070175438], "Na1 Ca5 V12 P18 O72": [-7.494160648148148, -7.5122172222222225, -7.511255], "Na3 Ca7 V12 P18 O72": [-7.443327142857143, -7.443975892857142], "Na9 Ca2 V12 P18 O72": [-7.236945486725664, -7.240645044247788, -7.248648407079646], "Na16 V12 P18 O72": [-7.044744322033898], "Na11 Ca2 V12 P18 O72": [-7.181075652173913, -7.1896326956521746, -7.189885130434782], "Ca7 V12 P18 O72": [-7.546290458715596], "Na10 V12 P18 O72": [-7.189197321428572, -7.206184107142858], "Na2 Ca5 V12 P18 O72": [-7.474101009174312, -7.476328348623854, -7.477112752293578], "Na8 Ca1 V12 P18 O72": [-7.268136936936937, -7.261066666666666, -7.270872072072072], "Na8 Ca4 V12 P18 O72": [-7.2759390350877196, -7.28017894736842, -7.286785877192982], "Na7 Ca2 V12 P18 O72": [-7.29440063063063, -7.306525675675676]}