{"Na8 Ca1 V12 P18 O72": [-7.240743423423424], "Na12 Ca3 V12 P18 O72": [-7.14432811965812], "Na14 Ca1 V12 P18 O72": [-7.085623247863248], "Na4 Ca6 V12 P18 O72": [-7.386096428571428], "Ca2 V12 P18 O72": [-7.435976346153846], "Na2 Ca3 V12 P18 O72": [-7.417166542056075], "Na2 Ca8 V12 P18 O72": [-7.459672500000001], "Na8 Ca3 V12 P18 O72": [-7.2601461946902655], "Na4 Ca2 V12 P18 O72": [-7.3603330555555555], "Ca4 V12 P18 O72": [-7.476503301886793], "Na2 Ca5 V12 P18 O72": [-7.446415779816514], "Na16 Ca1 V12 P18 O72": [-7.03476050420168], "Na6 Ca2 V12 P18 O72": [-7.304359090909091], "Na10 Ca4 V12 P18 O72": [-7.204347413793103], "Na2 V12 P18 O72": [-7.355155], "Na8 V12 P18 O72": [-7.231208], "Ca8 V12 P18 O72": [-7.519861545454545], "Na16 V12 P18 O72": [-7.029358898305085], "Na6 Ca5 V12 P18 O72": [-7.325031592920354], "Ca5 V12 P18 O72": [-7.488772242990654], "Na8 Ca4 V12 P18 O72": [-7.267206228070175], "Na2 Ca6 V12 P18 O72": [-7.452349636363636], "Ca6 V12 P18 O72": [-7.518649259259259], "Na2 Ca7 V12 P18 O72": [-7.450701891891892], "Ca7 V12 P18 O72": [-7.519001743119266], "Na8 Ca5 V12 P18 O72": [-7.277636869565217], "Na6 Ca3 V12 P18 O72": [-7.290494684684685], "Na18 V12 P18 O72": [-6.984577666666667], "Na6 Ca4 V12 P18 O72": [-7.322844821428572], "Na6 Ca1 V12 P18 O72": [-7.303014495412844], "Na2 Ca1 V12 P18 O72": [-7.378913428571428], "Na4 Ca7 V12 P18 O72": [-7.396872654867257], "Na2 Ca2 V12 P18 O72": [-7.407711320754717], "Ca9 V12 P18 O72": [-7.522726126126126], "Na12 V12 P18 O72": [-7.1247185964912285], "Na10 Ca3 V12 P18 O72": [-7.199783826086956], "V12 P18 O72": [-7.392054803921569], "Na4 V12 P18 O72": [-7.3231453773584905], "Na10 Ca1 V12 P18 O72": [-7.186636460176992], "Na4 Ca4 V12 P18 O72": [-7.376647818181818], "Na4 Ca3 V12 P18 O72": [-7.364028165137615], "Na4 Ca5 V12 P18 O72": [-7.354855135135135], "Na4 Ca1 V12 P18 O72": [-7.3488653271028035], "Na14 Ca2 V12 P18 O72": [-7.0941444067796615], "Ca1 V12 P18 O72": [-7.414141067961165], "Na8 Ca2 V12 P18 O72": [-7.2518761607142865], "Na6 Ca6 V12 P18 O72": [-7.340160701754386], "Na14 V12 P18 O72": [-7.075397586206897], "Na6 V12 P18 O72": [-7.291825], "Na12 Ca1 V12 P18 O72": [-7.135331739130434], "Na12 Ca2 V12 P18 O72": [-7.14033224137931], "Na2 Ca4 V12 P18 O72": [-7.426907777777778], "Na10 V12 P18 O72": [-7.167964642857143], "Na10 Ca2 V12 P18 O72": [-7.164482192982456], "Ca3 V12 P18 O72": [-7.4686660952380945], "Na5 Ca2 V12 P18 O72": [-7.335074678899082], "Na5 V12 P18 O72": [-7.3048343925233645], "Na7 V12 P18 O72": [-7.2611123853211]}