{"Ca1Na3": -1.42363727875, "Ca3Na1": -1.76363442, "Ca3V1": -3.294254345, "Ca1P3": -5.18575382, "Ca5P8": -5.006384870769231, "Ca1P1": -4.799928928333333, "Ca3P2": -4.095028312, "Ca1O2": -5.86372621, "Ca1O10": -5.085695705454546, "Ca2O3": -5.7909539295000005, "Ca1O1": -6.439296055, "Na1P7": -5.05629348609375, "Na1P1": -3.74845689625, "Na3P11": -4.776065619821429, "Na1P5": -4.9065585425, "Na1P15": -5.2299215740625, "Na3P1": -2.67701515125, "Na2O9": -4.642392985454546, "Na1O3": -4.64238078, "Na1O1": -4.210437191666666, "Na1O5": -4.311205778333333, "Na6O1": -2.2143543414285713, "Na1O2": -4.54620769, "Na1O8": -4.6652677633333335, "Na2O1": -3.740514093333333, "P2V1": -7.248174643333333, "P4V1": -6.488948797000001, "P3V4": -8.351764712142858, "P1V1": -8.0635077275, "P7V12": -8.566831917894737, "P1V2": -8.647454090833333, "P1V3": -8.830565965625, "P3V5": -8.4948434025, "O3V2": -8.04468672425, "O12V5": -7.499677500588235, "O20V9": -7.156114934137931, "O13V6": -7.640606643157895, "O9V10": -7.693214285263158, "O13V7": -7.834030728250001, "O16V13": -7.314899070172413, "O5V2": -7.4422528407142865, "O7V5": -7.8448777920833335, "O32V25": -7.92438953245614, "O3V1": -6.73370544375, "O9V4": -7.573892610384615, "O2V1": -7.7822183916666665, "O13V9": -7.814282757727272, "O1V8": -6.1281793844444445, "O7V4": -7.887427729545454, "O3V16": -6.161724625789473, "O22V9": -7.440075180322581, "O3V7": -6.890593774, "O1V1": -7.9127212975, "O8V3": -7.169531684545455, "O5V3": -7.95441113, "O11V6": -7.849922955294117, "O10V3": -6.414195018076923, "O14V5": -6.9871753230263165, "O7V3": -7.536282007166666, "O4V7": -7.136306689090909, "O17V9": -7.812395663076923, "O29V12": -7.458684498780488, "O9V5": -7.873132167321429, "O15V8": -7.830774412608696, "O7P4": -6.8114936590909085, "O2P1": -6.909902704166666, "O3P2": -6.682403257999999, "O9P4": -6.973434236923077, "O5P2": -7.029061376428571, "O3P1": -6.4888310175, "O4P1": -5.817009823499999, "O9P2": -5.485539834772727, "Ca1Na1O3": -4.546131354, "Ca1O8V2": -6.613328788181818, "Ca2O8V3": -7.497231323076923, "Ca3O7V2": -7.212229700000001, "Ca1O3V1": -7.3708217905, "Ca2O9V2": -6.932295638076923, "Ca1O24V8": -6.939061599090909, "Ca1O8V4": -7.659092746153846, "Ca1O10V4": -7.508907576666667, "Ca1O2V1": -6.94865760625, "Ca1O5V2": -7.561252151875, "Ca1O15V4": -6.7680900205, "Ca3O25V10": -7.490781976710526, "Ca3O8V2": -7.231717151208791, "Ca1O2V2": -6.095888832, "Ca1O4V2": -7.632463624642858, "Ca1O7V3": -7.619449299090909, "Ca2O5V2": -7.243241926666666, "Ca1O7V5": -7.749454330769231, "Ca5O13V3": -7.119583226190476, "Ca1O10V2": -6.444122806538461, "Ca10O25V6": -7.186717191463416, "Ca5O12V3": -7.1804970054999995, "Ca1O23V6": -6.356217808666667, "Ca1O9V4": -7.632479007142857, "Ca2O7V2": -7.326779963181818, "Ca1O6V4": -7.71643678, "Ca1O6V2": -7.404189922222222, "Ca2O7P2": -7.274202485681818, "Ca2O11P2": -6.540886869833333, "Ca8O29P6": -6.5333716927906975, "Ca5O13P3": -7.1324810138095245, "Ca1O9P2": -6.2672580941666665, "Ca4O9P2": -7.139529600333334, "Ca4O19P6": -7.256452595344827, "Ca5O12P3": -7.122724465500001, "Ca2O17P6": -7.2135405962000005, "Ca1O6P2": -7.238334674583332, "Ca1O11P4": -7.19505720671875, "Ca1O4P1": -6.9265867737499995, "Ca1O8P2": -6.320243321136363, "Ca4O1P2": -5.072077588571429, "Ca10O25P6": -7.198653059756097, "Ca3O8P2": -7.243767660705128, "Ca1O6P1": -6.3674937825, "Na1O8V3": -7.139206525833333, "Na2O7V3": -6.9771746213888886, "Na1O4V2": -7.164587474285715, "Na5O5V1": -5.268362593636364, "Na3O8V3": -6.668191974642857, "Na1O10V4": -7.228556374555556, "Na1O5V2": -7.085947264375, "Na1O20V8": -7.332813295862069, "Na2O4V1": -5.9128267321428565, "Na5O32V12": -7.081837478163266, "Na1O15V10": -7.773291012307693, "Na4O4V1": -5.3617769, "Na5O14V7": -6.911104075000001, "Na3O23V5": -6.1376198979032255, "Na3O4V1": -5.8442095775, "Na5O4V1": -4.9047118017499995, "Na6O7V2": -5.586320442333333, "Na7O6V2": -5.084293175666667, "Na3O58V24": -7.375295581529412, "Na1O11V6": -7.609134985000001, "Na4O5V2": -5.782665264999999, "Na2O13V6": -7.281277967619047, "Na5O12V3": -5.9118539585, "Na1O14V6": -7.318954833333333, "Na8O7V2": -5.096902778235294, "Na3O10V5": -7.042409850555555, "Na1O18V13": -7.7810920603125, "Na1O3V1": -6.677449651000001, "Na4O8V3": -6.369472981333333, "Na2O15V6": -7.1621443578260875, "Na3O3V1": -5.377695046428571, "Na1O6V3": -7.266002114, "Na9O35V14": -6.973405038275862, "Na4O7V2": -6.1599392322115385, "Na1O10V5": -7.464024010625, "Na5O88V36": -7.338813181007752, "Na2O3V1": -6.06992357125, "Na1O15V6": -7.300355185681818, "Na2O5V2": -6.638256812222222, "Na1O2V1": -6.65273120625, "Na1O8V5": -7.583193860178571, "Na2O22V13": -7.644045156081082, "Na1O13V6": -7.458606626, "Na1O58V24": -7.428422405783133, "Na3O10P3": -6.272713286875, "Na3O12P1": -5.0271938034375, "Na5O10P3": -6.2576092305555555, "Na1O6P1": -5.3858904221875, "Na8O3P1": -3.3928450616666663, "Na3O8P2": -5.886833873076923, "Na4O17P2": -4.8777054652173915, "Na2O13P2": -5.633546576470588, "Na3O12P4": -6.5387825481578945, "Na1O1P1": -4.491378618333333, "Na2O7P2": -6.218470688181818, "Na1O3P1": -6.545176690666667, "Na4O7P2": -6.143797115961538, "Na1O4P1": -5.939200550208334, "Na3O4P1": -5.828570718125, "O9P3V1": -7.420245662564103, "O7P1V1": -6.706697093333333, "O56P16V9": -7.411872325802469, "O10P3V2": -7.531716496666666, "O21P6V4": -7.448375450645162, "O16P4V3": -7.464428042391304, "O13P3V3": -7.492108605526316, "O14P4V3": -7.558762265952381, "O5P1V2": -7.791122441875, "O20P6V3": -7.453066675344827, "O4P1V1": -7.674565278333334, "O16P5V2": -7.420139288043478, "O8P2V1": -6.9224361868181825, "O11P3V2": -7.5085532796875, "O5P1V1": -7.371777408214285, "O22P6V5": -7.598582763181819, "O12P4V1": -7.261022537500001, "O15P5V1": -7.097922848809524, "O15P4V3": -7.549910070568182, "O11P2V3": -7.50038024859375, "O25P1V9": -7.374816066285715, "O8P2V3": -7.713344479230769, "O24P7V4": -7.505067936714285, "O15P3V4": -7.5864098668939395, "O20P2V3": -6.2439097026, "O24P7V6": -7.58544883, "O9P2V2": -7.495975151923076, "O7P2V2": -7.628866664545455, "O6P2V1": -6.552900073888889, "O32P9V4": -7.236713673111111, "O12P3V2": -7.392026751176471, "O7P2V1": -7.4309820665, "O12P3V4": -7.6776180613157905, "O24P6V7": -7.673721313513513, "O13P2V4": -7.578317914210526, "Ca1Na2O36V12": -6.889900322156862, "Ca1Na1O4V1": -6.737001095714286, "Ca1Na2O12V4": -7.0215436905263156, "Ca1Na2O32V12": -7.191661584468085, "Ca10Na1O28P7": -7.168755721304348, "Ca1Na2O7P2": -6.665656534166666, "Ca1Na2O8P2": -6.364848267692308, "Ca2Na4O35P8": -6.305825479183674, "Ca1Na2O11P2": -5.8706192115625, "Ca1Na1O6P3": -6.498422514545454, "Ca1Na4O18P6": -6.765037727586207, "Ca1Na1O9P3": -6.996883355357142, "Ca1Na1O4P1": -6.719031789047619, "Ca1Na2O12P4": -6.877831279736842, "Ca1O13P3V3": -7.608815880250001, "Ca1O12P3V2": -7.487421495277778, "Ca1O12P4V1": -7.366198641944444, "Ca1O14P4V3": -7.547007346136363, "Ca2O11P3V1": -7.414535066470588, "Ca1O7P2V1": -7.461494765, "Ca1O8P2V2": -7.5385726855769235, "Ca1O10P2V2": -7.491355300666667, "Ca1O9P2V2": -7.612207128392858, "Na2O12P3V2": -7.105641195263158, "Na1O5P1V1": -7.0607584665625, "Na1O14P2V2": -6.662881219473684, "Na1O7P2V1": -7.200036238636364, "Na3O9P2V1": -6.567207026999999, "Na1O8P2V1": -6.995658418958333, "Na4O9P2V1": -6.4666609090625, "Na5O15P3V2": -6.4885764276, "Na5O24P6V4": -7.015105150897436, "Na3O23P8V1": -6.9867018768571425, "Na1O13P2V3": -7.1955450073684215, "Na2O8P2V1": -6.856881890192308, "Na2O6P1V1": -6.6234452812499995, "Na1O12P3V3": -7.456653973421052, "Na3O12P3V2": -6.983939082249999, "Na1O13P3V3": -7.428244578499999, "Na1O9P2V2": -7.333263571071428, "Na2O13P2V3": -7.0866683432499995, "Na1O12P3V2": -7.248079223333333, "Na3O9P1V2": -6.6338849421666675, "Ca1Na2O9P2V1": -6.906513006833333, "Ca17Na2O56P14V2": -7.234502204065934}