{"Na3 Ca6 V12 P18 O72": [-7.438727010632694], "Na5 Ca2 V12 P18 O72": [-7.210553532724757, -7.218380663584719, -7.226554593900172], "Na17 V12 P18 O72": [-7.523075348562629, -7.524006545023264], "Na6 Ca5 V12 P18 O72": [-7.524006545023264, -7.480410415636749, -7.4755860380096175], "Na2 Ca2 V12 P18 O72": [-7.094461599391377, -7.105096786144587, -7.111146881382595], "Na2 Ca8 V12 P18 O72": [-7.534703840749757, -7.542379243771882], "Na6 Ca1 V12 P18 O72": [-7.1794881430212385, -7.189696327395876, -7.1936692596670815], "Na12 Ca1 V12 P18 O72": [-7.3985368022520905, -7.4097144477966985, -7.408150206703282], "Na4 Ca2 V12 P18 O72": [-7.178882159945525, -7.183191678012299, -7.189094770608792], "Na3 Ca4 V12 P18 O72": [-7.281073021054388, -7.297151253585273, -7.29563438664853], "Na15 Ca1 V12 P18 O72": [-7.513399319521983, -7.518166095465856, -7.523104549129199], "Na5 V12 P18 O72": [-7.072723138889272, -7.080078512232865], "Na12 Ca3 V12 P18 O72": [-7.549119216865435], "Na18 V12 P18 O72": [-7.554295566417094, -7.561636481493562], "Na4 V12 P18 O72": [-7.018210863195822, -7.027592070926701], "Na14 Ca1 V12 P18 O72": [-7.485714012690553], "Ca5 V12 P18 O72": [-7.2464890894369764, -7.257023173641246], "Na3 Ca2 V12 P18 O72": [-7.131132045426337, -7.145863356975423, -7.147935310274051], "Na16 Ca1 V12 P18 O72": [-7.55721015552368, -7.546621878117072, -7.560160152715851], "Na2 Ca7 V12 P18 O72": [-7.466294368216056, -7.476303907452567], "Na12 Ca2 V12 P18 O72": [-7.481125087313462, -7.485515357841469], "Na7 Ca5 V12 P18 O72": [-7.512998856627234, -7.515249836238196], "Na11 V12 P18 O72": [-7.291130415853439, -7.303935114875873], "Na5 Ca1 V12 P18 O72": [-7.150632687244309, -7.1522229890232065, -7.15728482871046], "Na1 Ca2 V12 P18 O72": [-7.052019323929683, -7.060112688192574, -7.0655856178967404], "Na11 Ca1 V12 P18 O72": [-7.372676337447984, -7.367846439774113, -7.370163436979415], "Na3 Ca3 V12 P18 O72": [-7.2204838467273635, -7.221881233333458, -7.229893501110274], "Na2 Ca6 V12 P18 O72": [-7.394525658970012, -7.405926180666244], "Na7 Ca3 V12 P18 O72": [-7.361716617759965, -7.361716617759965, -7.372748069541118], "Na10 Ca3 V12 P18 O72": [-7.372748069541118, -7.484809308363652], "Na10 Ca1 V12 P18 O72": [-7.328294173389653, -7.328151687388533, -7.341961950656754], "Ca9 V12 P18 O72": [-7.341961950656754, -7.54011363853075], "Na4 Ca7 V12 P18 O72": [-7.544215644129817], "Na3 Ca5 V12 P18 O72": [-7.544215644129817, -7.358699188195436, -7.370952388561859], "Na2 Ca4 V12 P18 O72": [-7.2521379298465645, -7.258764031823725, -7.2585733117580675], "Na1 Ca6 V12 P18 O72": [-7.372631100060636, -7.374473154157975], "Na1 Ca1 V12 P18 O72": [-6.959128560355655, -6.96020164882965, -6.964482125403779], "Na12 V12 P18 O72": [-7.317550252753123, -7.339468050873936], "Na9 Ca1 V12 P18 O72": [-7.284468604689138, -7.290570126388043, -7.303575912229192], "Na9 Ca4 V12 P18 O72": [-7.50524772154034, -7.519997350990147], "Na9 V12 P18 O72": [-7.229208828307999, -7.2329740733125085], "Ca8 V12 P18 O72": [-7.462552347187701, -7.475422501900418], "Na5 Ca3 V12 P18 O72": [-7.475422501900418, -7.299836213550026, -7.302356502451605], "Na7 Ca4 V12 P18 O72": [-7.426923588720147, -7.441980654324397, -7.4477519123266065], "Na15 V12 P18 O72": [-7.447741597944199, -7.4511780000991905], "Na1 V12 P18 O72": [-6.877273728619827, -6.886914308131163], "Na6 Ca2 V12 P18 O72": [-7.264351188160054, -7.26376956356916, -7.268637778991861], "Na8 V12 P18 O72": [-7.190978731531164, -7.202620259343141], "Na2 V12 P18 O72": [-6.929218715207532, -6.933913149081073], "Na4 Ca5 V12 P18 O72": [-7.39320040232687, -7.4119990538342115, -7.407151937138848], "Ca1 V12 P18 O72": [-6.916776175797152, -6.925664723325795], "Na6 Ca6 V12 P18 O72": [-7.553177046598446], "Na7 Ca1 V12 P18 O72": [-7.217845301782244, -7.226446502750492, -7.2337897553264225], "Na1 Ca3 V12 P18 O72": [-7.131181326009307, -7.148805129775516, -7.1488051297755115], "Ca4 V12 P18 O72": [-7.168996359115259, -7.180997502654417], "Na13 Ca2 V12 P18 O72": [-7.180997502654417, -7.180997502654417, -7.521496423099089], "Na1 Ca4 V12 P18 O72": [-7.521496423099089, -7.222547181963452, -7.223656968531417], "Na4 Ca4 V12 P18 O72": [-7.321170629415086, -7.322329807348595, -7.338606798113085], "Na8 Ca5 V12 P18 O72": [-7.546941722979697, -7.554683947294148], "Na4 Ca6 V12 P18 O72": [-7.554683947294148, -7.476730702847745], "Na8 Ca2 V12 P18 O72": [-7.330368795247876, -7.330368795247876, -7.3413104970815635], "Na6 Ca3 V12 P18 O72": [-7.324273763857337, -7.329829131931776, -7.337668406518431], "Na2 Ca1 V12 P18 O72": [-7.0100733460084905, -7.022991416032879, -7.02679122327208], "Na6 V12 P18 O72": [-7.113275274484931, -7.125228627920193], "Na4 Ca1 V12 P18 O72": [-7.10874854480979, -7.113316365412785, -7.117043924709403], "Na3 Ca1 V12 P18 O72": [-7.0624112319061485, -7.071360353861968, -7.071360353861968], "Na13 V12 P18 O72": [-7.37446384460283, -7.3766697571381], "Na7 V12 P18 O72": [-7.15162995153266, -7.159937120171527], "Na14 V12 P18 O72": [-7.159937120171527, -7.414100818343394], "Na6 Ca4 V12 P18 O72": [-7.414100818343394, -7.409606516072966], "Na14 Ca2 V12 P18 O72": [-7.54844560191699, -7.54844560191699, -7.556425457863058], "Na8 Ca3 V12 P18 O72": [-7.386849680953182, -7.412491624247992, -7.4145296544449835], "Ca2 V12 P18 O72": [-7.012366059788392, -7.013891218127008], "Na4 Ca3 V12 P18 O72": [-7.264930186605296, -7.256924650205122, -7.26813119000384], "Na10 Ca2 V12 P18 O72": [-7.405255890711133, -7.410399966857722, -7.416009444729056], "Na13 Ca1 V12 P18 O72": [-7.4455913295661, -7.45018130885404], "Ca6 V12 P18 O72": [-7.3249883843583525, -7.342550759639824], "V12 P18 O72": [-6.836090306307734], "Na1 Ca7 V12 P18 O72": [-7.423523888417404, -7.443173968601362], "Na10 Ca4 V12 P18 O72": [-7.443173968601362, -7.545360320355313, -7.554097393400058], "Na2 Ca3 V12 P18 O72": [-7.554097393400058, -7.190581850496288, -7.191889057248616], "Na11 Ca3 V12 P18 O72": [-7.514995452408595, -7.514995452408595, -7.520334447109779], "Ca3 V12 P18 O72": [-7.092575704337387, -7.108425706351688], "Na5 Ca4 V12 P18 O72": [-7.348032011360775, -7.375815762964869], "Na3 V12 P18 O72": [-6.97034327042243, -6.9825879347977695], "Na5 Ca5 V12 P18 O72": [-7.434459752081775, -7.442532561577303, -7.446364014316204], "Na1 Ca8 V12 P18 O72": [-7.508950705997606], "Na9 Ca3 V12 P18 O72": [-7.432692063767579, -7.441233256607271, -7.445339454739363], "Na1 Ca5 V12 P18 O72": [-7.289006507265084, -7.306710257527323, -7.303583734055882], "Na3 Ca7 V12 P18 O72": [-7.506680560571456, -7.509375254568633], "Na9 Ca2 V12 P18 O72": [-7.36526671255485, -7.370767189217359, -7.379654432881786], "Na16 V12 P18 O72": [-7.379654432881786, -7.489198569174404], "Na11 Ca2 V12 P18 O72": [-7.442003476934268, -7.447427584656633, -7.450604488352706], "Ca7 V12 P18 O72": [-7.450604488352706, -7.408171640289309], "Na10 V12 P18 O72": [-7.2603673173257635, -7.268631533818937], "Na2 Ca5 V12 P18 O72": [-7.336377056112407, -7.339268309560118, -7.33600999716677], "Na8 Ca1 V12 P18 O72": [-7.267645705382039, -7.254912213875522, -7.271666577017827], "Na8 Ca4 V12 P18 O72": [-7.474114650975513, -7.4760112874866165, -7.4818394286811865], "Na7 Ca2 V12 P18 O72": [-7.29291847051465, -7.29291847051465, -7.302171917477955]}