{"Na3 Ca6 V12 P18 O72": [-7.4379244144144145, -7.413846216216216, -7.431542252252252], "Na5 Ca2 V12 P18 O72": [-7.342123027522936, -7.345394311926605, -7.3509965137614675, -7.335047247706422, -7.338064495412843, -7.3483952293577985], "Na17 V12 P18 O72": [-7.017329579831933, -7.018204957983193, -7.006579159663866, -7.009000756302521], "Na6 Ca5 V12 P18 O72": [-7.332013451327434, -7.348499734513274, -7.337435398230088, -7.335630442477876, -7.351170973451327], "Na2 Ca2 V12 P18 O72": [-7.4308800943396225, -7.439043679245283, -7.447041226415095, -7.416403113207547, -7.42498320754717, -7.426764433962264], "Na2 Ca8 V12 P18 O72": [-7.467947321428572, -7.474667053571428], "Na6 Ca1 V12 P18 O72": [-7.306620917431193, -7.31953137614679, -7.319387339449541, -7.320859449541284, -7.321629449541284, -7.332840183486239], "Na12 Ca1 V12 P18 O72": [-7.140964, -7.151977913043478, -7.152470260869565, -7.141751826086956, -7.142399043478261, -7.153665565217392], "Na4 Ca2 V12 P18 O72": [-7.3747278703703705, -7.381569814814815, -7.3761511111111115, -7.3872990740740745, -7.392755740740741, -7.401837222222222], "Na3 Ca4 V12 P18 O72": [-7.414496605504587, -7.432421926605505, -7.426146330275229, -7.420866513761468, -7.432026972477065, -7.4417447706422015], "Na15 Ca1 V12 P18 O72": [-7.070620508474576, -7.072195254237288, -7.074222288135593, -7.065972033898306, -7.068367372881356, -7.070204152542373], "Na5 V12 P18 O72": [-7.337187102803738, -7.346010093457944, -7.336014953271029, -7.324221775700934], "Na12 Ca3 V12 P18 O72": [-7.162515726495726, -7.161921794871795, -7.16277170940171], "Na18 V12 P18 O72": [-6.9883145, -6.994950333333334, -6.99246375], "Na4 V12 P18 O72": [-7.340771509433962, -7.364025, -7.363428396226415], "Na14 Ca1 V12 P18 O72": [-7.071281452991453, -7.09991829059829, -7.102315555555555], "Ca5 V12 P18 O72": [-7.518295327102804, -7.5255557009345795, -7.534151214953271], "Na3 Ca2 V12 P18 O72": [-7.392926168224299, -7.413306542056074, -7.423139626168224, -7.3927260747663555], "Na16 Ca1 V12 P18 O72": [-7.048036386554622, -7.0406651260504205, -7.050846554621849, -7.043631932773109], "Na2 Ca7 V12 P18 O72": [-7.468096936936937, -7.47009945945946], "Na12 Ca2 V12 P18 O72": [-7.158152844827586, -7.162210431034483], "Na7 Ca5 V12 P18 O72": [-7.313026403508772, -7.318178157894736], "Na11 V12 P18 O72": [-7.163080530973451, -7.170807876106195], "Na5 Ca1 V12 P18 O72": [-7.352434907407407, -7.336043518518518, -7.353505648148149], "Na1 Ca2 V12 P18 O72": [-7.442757333333333, -7.468095333333333, -7.470583809523809], "Na11 Ca1 V12 P18 O72": [-7.180759824561403, -7.173533859649123, -7.174301578947368], "Na3 Ca3 V12 P18 O72": [-7.411489907407407, -7.414860648148148, -7.420745740740741], "Na2 Ca6 V12 P18 O72": [-7.460598909090909, -7.471825272727274, -7.459997090909091], "Na7 Ca3 V12 P18 O72": [-7.295200535714286, -7.303745803571429, -7.307566696428571, -7.275188035714286, -7.296018214285715, -7.311620267857143], "Na10 Ca3 V12 P18 O72": [-7.218421913043478, -7.2240272173913045, -7.209420434782609, -7.214433043478261], "Na10 Ca1 V12 P18 O72": [-7.200162566371682, -7.197733805309735, -7.207320707964602, -7.201899115044248, -7.200659115044248, -7.212396460176992], "Ca9 V12 P18 O72": [-7.511892972972973, -7.539691441441442, -7.525013603603604, -7.545499279279279], "Na4 Ca7 V12 P18 O72": [-7.4135318584070795, -7.398215929203539, -7.403568761061947], "Na3 Ca5 V12 P18 O72": [-7.4207019090909085, -7.41919, -7.432513363636363, -7.444566454545455], "Na2 Ca4 V12 P18 O72": [-7.4519025, -7.452487222222222, -7.460109074074074, -7.46357212962963, -7.4632869444444445, -7.472691666666667], "Na1 Ca6 V12 P18 O72": [-7.50240366972477, -7.506168440366973, -7.479460183486239, -7.51344504587156], "Na1 Ca1 V12 P18 O72": [-7.421547500000001, -7.433627884615385, -7.4265553846153844, -7.42020375], "Na12 V12 P18 O72": [-7.123794298245614, -7.145127719298246, -7.149674736842105], "Na9 Ca1 V12 P18 O72": [-7.219980714285714, -7.221697678571429, -7.234324821428571, -7.224573035714286, -7.24170125], "Na9 Ca4 V12 P18 O72": [-7.244518086956522, -7.256577043478261, -7.249692521739131, -7.25723147826087], "Na9 V12 P18 O72": [-7.223432342342342, -7.236173513513513, -7.23687945945946], "Ca8 V12 P18 O72": [-7.530895818181818, -7.5377826363636355, -7.532714181818182], "Na5 Ca3 V12 P18 O72": [-7.348780454545455, -7.362063909090909, -7.372352272727273, -7.3489581818181815, -7.355906818181818], "Na7 Ca4 V12 P18 O72": [-7.293974247787611, -7.31265831858407, -7.318066548672566], "Na15 V12 P18 O72": [-7.065867350427351, -7.070408803418804, -7.0621362393162395], "Na1 V12 P18 O72": [-7.412990291262136, -7.4210544660194175], "Na6 Ca2 V12 P18 O72": [-7.334390454545455, -7.335734818181819, -7.335589909090909, -7.338246636363636], "Na8 V12 P18 O72": [-7.264653727272727, -7.266281727272727, -7.239350727272727], "Na2 V12 P18 O72": [-7.3939397115384615, -7.401614134615385], "Na4 Ca5 V12 P18 O72": [-7.392464684684684, -7.412832702702703, -7.409156216216216], "Ca1 V12 P18 O72": [-7.453986213592233, -7.463223495145631], "Na6 Ca6 V12 P18 O72": [-7.353824210526316, -7.34742052631579], "Na7 Ca1 V12 P18 O72": [-7.287989454545455, -7.2937318181818185, -7.301980181818181, -7.279742636363637], "Na1 Ca3 V12 P18 O72": [-7.468970754716982, -7.486591509433962, -7.486733301886793, -7.484055283018868], "Ca4 V12 P18 O72": [-7.508541698113208, -7.521452358490566, -7.508343490566038, -7.5206391509433965], "Na13 Ca2 V12 P18 O72": [-7.130817777777779, -7.130502136752137, -7.134035555555555, -7.1232011965811965, -7.131317521367522, -7.13336547008547], "Na1 Ca4 V12 P18 O72": [-7.48031570093458, -7.497520747663552, -7.497041121495327, -7.4581446728971965, -7.467323644859814, -7.497053084112149], "Na4 Ca4 V12 P18 O72": [-7.3908664545454545, -7.395055363636364, -7.405059363636363, -7.3839130909090915, -7.389590818181818, -7.406887454545454], "Na8 Ca5 V12 P18 O72": [-7.2867116521739135, -7.289742608695652, -7.279933130434783, -7.289911391304348], "Na4 Ca6 V12 P18 O72": [-7.409327857142857, -7.412693482142857, -7.4128694642857145], "Na8 Ca2 V12 P18 O72": [-7.262700982142857, -7.278155714285715, -7.276567678571429, -7.2601749107142854, -7.271705, -7.277052410714285], "Na6 Ca3 V12 P18 O72": [-7.327296936936937, -7.331440720720721, -7.341342702702703, -7.329276666666667, -7.331243603603604], "Na2 Ca1 V12 P18 O72": [-7.412897047619047, -7.4238566666666665, -7.428031142857143], "Na6 V12 P18 O72": [-7.309359259259259, -7.329325555555555], "Na4 Ca1 V12 P18 O72": [-7.3777086915887855, -7.386709158878505, -7.383467102803738], "Na3 Ca1 V12 P18 O72": [-7.392721509433962, -7.405724528301887, -7.405758773584906, -7.405597264150943], "Na13 V12 P18 O72": [-7.118154956521739, -7.123150434782608, -7.120322695652175, -7.122556260869565], "Na7 V12 P18 O72": [-7.288998256880734, -7.2971715596330275, -7.2860310091743115, -7.297181743119267], "Na14 V12 P18 O72": [-7.092204913793104, -7.095604224137931, -7.096000689655172], "Na6 Ca4 V12 P18 O72": [-7.333236875, -7.334584910714286, -7.348063660714286, -7.347903839285714], "Na14 Ca2 V12 P18 O72": [-7.100465169491525, -7.105597203389831, -7.10885406779661, -7.1057295762711865, -7.109086525423729], "Na8 Ca3 V12 P18 O72": [-7.257070353982301, -7.280507168141593, -7.282906194690265, -7.271530088495576, -7.2807519469026545, -7.282788230088495], "Ca2 V12 P18 O72": [-7.485288461538461, -7.4890254807692305, -7.476283269230769, -7.485088365384616], "Na4 Ca3 V12 P18 O72": [-7.402444862385321, -7.394895504587155, -7.403852018348624, -7.384219266055046], "Na10 Ca2 V12 P18 O72": [-7.208090614035088, -7.2143461403508775, -7.21966701754386, -7.204167719298246, -7.204767982456141], "Na13 Ca1 V12 P18 O72": [-7.124130258620689, -7.129654396551723, -7.104725862068966, -7.120576724137931, -7.120344137931035], "Ca6 V12 P18 O72": [-7.530270555555556, -7.550125925925926, -7.515726296296297, -7.550151388888889], "V12 P18 O72": [-7.438107450980392, -7.438111666666667],